redcap_event,scoresheet,short_event
scr,webscreen,scr
scr,phq9,scr
scr,gad7,scr
scr,phonescreen,scr
scr,medical_history,scr
scr,inc_exc_checklist,scr
scr,enrollment,scr
base_sleep,rsqd,baseSleep
base_sleep,inc_exc_checklist,baseSleep
base,phq9,base
base,gad7,base
base,demographics,base
base,cfi,base
base,ders18,base
base,dds,base
base,experiences_questionnaire_decentering,base
base,ffmq,base
base,hmindex,base
base,nihtl,base
base,pss10,base
base,psqi,base
base,single_item_suicide,base
base,pcl5,base
base,who5,base
base,meteor_mission,base
base,inc_exc_checklist,base
w1_s1,rsqd,w1s1
w1_s1,single_item_suicide,w1s1
w1_s1,inc_exc_checklist,w1s1
w1_s2,rsqd,w1s2
w1_s2,single_item_suicide,w1s2
w1_s2,inc_exc_checklist,w1s2
w2_s1,rsqd,w2s1
w2_s1,single_item_suicide,w2s1
w2_s1,inc_exc_checklist,w2s1
w2_s2,rsqd,w2s2
w2_s2,single_item_suicide,w2s2
w2_s2,inc_exc_checklist,w2s2
w3_s1,rsqd,w3s1
w3_s1,single_item_suicide,w3s1
w3_s1,inc_exc_checklist,w3s1
w3_s2,rsqd,w3s2
w3_s2,single_item_suicide,w3s2
w3_s2,inc_exc_checklist,w3s2
w4_s1,rsqd,w4s1
w4_s1,single_item_suicide,w4s1
w4_s1,inc_exc_checklist,w4s1
w4_s2,rsqd,w4s2
w4_s2,single_item_suicide,w4s2
w4_s2,inc_exc_checklist,w4s2
post,phq9,post
post,gad7,post
post,cfi,post
post,dwai,post
post,ders18,post
post,dds,post
post,experiences_questionnaire_decentering,post
post,ffmq,post
post,hmindex,post
post,nihtl,post
post,pss10,post
post,psqi,post
post,single_item_suicide,post
post,who5,post
post,pcl5,post
post,meteor_mission,post
post,inc_exc_checklist,post
2mo,phq9,2mo
4mo,phq9,4mo
4mo,gad7,4mo
4mo,cfi,4mo
4mo,dwai,4mo
4mo,ders18,4mo
4mo,dds,4mo
4mo,experiences_questionnaire_decentering,4mo
4mo,ffmq,4mo
4mo,hmindex,4mo
4mo,nihtl,4mo
4mo,pss10,4mo
4mo,psqi,4mo
4mo,single_item_suicide,4mo
4mo,pcl5,4mo
4mo,who5,4mo
4mo,meteor_mission,4mo
