event_label,form
4mo,cfi
base,cfi
post,cfi
4mo,dds
base,dds
post,dds
4mo,demographics
base,demographics
4mo,ders18
base,ders18
post,ders18
post,dwai
4mo,dwai
4mo,experiences_questionnaire_decentering
base,experiences_questionnaire_decentering
post,experiences_questionnaire_decentering
4mo,ffmq
base,ffmq
post,ffmq
4mo,gad7
base,gad7
post,gad7
scr,gad7
4mo,hmindex
base,hmindex
post,hmindex
scr,medical_history
4mo,meteor_mission
base,meteor_mission
post,meteor_mission
4mo,nihtl
base,nihtl
post,nihtl
4mo,pcl5
base,pcl5
post,pcl5
2mo,phq9
4mo,phq9
base,phq9
post,phq9
scr,phq9
4mo,pps10
base,pps10
post,pps10
4mo,psqi
base,psqi
post,psqi
base_sleep,rsqd
w1_s1,rsqd
w1_s2,rsqd
w2_s1,rsqd
w2_s2,rsqd
w3_s1,rsqd
w3_s2,rsqd
w4_s1,rsqd
w4_s2,rsqd
4mo,single_item_suicide
base,single_item_suicide
post,single_item_suicide
w1_s1,single_item_suicide
w1_s2,single_item_suicide
w2_s1,single_item_suicide
w2_s2,single_item_suicide
w3_s1,single_item_suicide
w3_s2,single_item_suicide
w4_s1,single_item_suicide
w4_s2,single_item_suicide
scr,webscreen
4mo,who5
base,who5
post,who5
4mo,srs
base,srs
post,srs
base,inc_exc_checklist
base_sleep,inc_exc_checklist
post,inc_exc_checklist
w1_s1,inc_exc_checklist
w1_s2,inc_exc_checklist
w2_s1,inc_exc_checklist
w2_s2,inc_exc_checklist
w3_s1,inc_exc_checklist
w3_s2,inc_exc_checklist
w4_s1,inc_exc_checklist
w4_s2,inc_exc_checklist
scr,enrollment
